first_name,last_name,domain_name,lead_id,company_name,contact_name,contact_email,lead_status,source,assigned_to,notes
Taber,Hinrichs,amazon.de,1,Kimia,Taber Hinrichs,taber.hinrichs@amazon.de,Lost,Event,1009,"Pellentesque at nulla. Suspendisse potenti. Cras in purus eu magna vulputate luctus. Cum sociis natoque penatibus et magnis dis parturient montes, nascetur ridiculus mus. Vivamus vestibulum sagittis sapien. Cum sociis natoque penatibus et magnis dis parturient montes, nascetur ridiculus mus. Etiam vel augue. Vestibulum rutrum rutrum neque. Aenean auctor gravida sem. Praesent id massa id nisl venenatis lacinia."
Lenee,MacGahy,patch.com,2,Devshare,Lenee MacGahy,lenee.macgahy@patch.com,Won,Referral,1014,Aliquam sit amet diam in magna bibendum imperdiet.
Leon,Morson,dedecms.com,3,Demivee,Leon Morson,leon.morson@dedecms.com,Lost,Web,1044,"Aliquam augue quam, sollicitudin vitae, consectetuer eget, rutrum at, lorem. Integer tincidunt ante vel ipsum. Praesent blandit lacinia erat. Vestibulum sed magna at nunc commodo placerat."
Emelina,Gauvin,fotki.com,4,Edgeblab,Emelina Gauvin,emelina.gauvin@fotki.com,Lost,LinkedIn,1020,"Morbi vel lectus in quam fringilla rhoncus. Mauris enim leo, rhoncus sed, vestibulum sit amet, cursus id, turpis."
Penni,Bugdale,sohu.com,5,Photospace,Penni Bugdale,penni.bugdale@sohu.com,Won,Web,1042,"Integer aliquet, massa id lobortis convallis, tortor risus dapibus augue, vel accumsan tellus nisi eu orci."
Moses,Gerant,dailymail.co.uk,6,Fliptune,Moses Gerant,moses.gerant@dailymail.co.uk,Lost,Web,1032,"Proin leo odio, porttitor id, consequat in, consequat ut, nulla. Sed accumsan felis."
Gerome,Blant,weebly.com,7,Trilith,Gerome Blant,gerome.blant@weebly.com,New,LinkedIn,1031,"Nulla tempus. Vivamus in felis eu sapien cursus vestibulum. Proin eu mi. Nulla ac enim. In tempor, turpis nec euismod scelerisque, quam turpis adipiscing lorem, vitae mattis nibh ligula nec sem. Duis aliquam convallis nunc. Proin at turpis a pede posuere nonummy. Integer non velit. Donec diam neque, vestibulum eget, vulputate ut, ultrices vel, augue."
Wendie,Iveans,wiley.com,8,Livetube,Wendie Iveans,wendie.iveans@wiley.com,Contacted,Referral,1023,"Lorem ipsum dolor sit amet, consectetuer adipiscing elit. Proin interdum mauris non ligula pellentesque ultrices. Phasellus id sapien in sapien iaculis congue. Vivamus metus arcu, adipiscing molestie, hendrerit at, vulputate vitae, nisl. Aenean lectus. Pellentesque eget nunc. Donec quis orci eget orci vehicula condimentum. Curabitur in libero ut massa volutpat convallis. Morbi odio odio, elementum eu, interdum eu, tincidunt in, leo."
Barton,McConnachie,digg.com,9,Myworks,Barton McConnachie,barton.mcconnachie@digg.com,Contacted,Email Campaign,1030,"Maecenas tristique, est et tempus semper, est quam pharetra magna, ac consequat metus sapien ut nunc. Vestibulum ante ipsum primis in faucibus orci luctus et ultrices posuere cubilia Curae; Mauris viverra diam vitae quam. Suspendisse potenti. Nullam porttitor lacus at turpis. Donec posuere metus vitae ipsum."
Melosa,Micallef,businessinsider.com,10,Meemm,Melosa Micallef,melosa.micallef@businessinsider.com,Contacted,Email Campaign,1047,"Pellentesque ultrices mattis odio. Donec vitae nisi. Nam ultrices, libero non mattis pulvinar, nulla pede ullamcorper augue, a suscipit nulla elit ac nulla."
Brendan,De Ruel,deliciousdays.com,11,Thoughtbridge,Brendan De Ruel,brendan.de ruel@deliciousdays.com,Lost,Event,1039,"Nulla ac enim. In tempor, turpis nec euismod scelerisque, quam turpis adipiscing lorem, vitae mattis nibh ligula nec sem. Duis aliquam convallis nunc. Proin at turpis a pede posuere nonummy. Integer non velit. Donec diam neque, vestibulum eget, vulputate ut, ultrices vel, augue. Vestibulum ante ipsum primis in faucibus orci luctus et ultrices posuere cubilia Curae; Donec pharetra, magna vestibulum aliquet ultrices, erat tortor sollicitudin mi, sit amet lobortis sapien sapien non mi. Integer ac neque. Duis bibendum. Morbi non quam nec dui luctus rutrum."
Haily,Standon,nymag.com,12,Gigazoom,Haily Standon,haily.standon@nymag.com,New,Email Campaign,1005,Morbi non quam nec dui luctus rutrum. Nulla tellus. In sagittis dui vel nisl. Duis ac nibh.
Trixie,Treweela,aboutads.info,13,Tambee,Trixie Treweela,trixie.treweela@aboutads.info,Won,Email Campaign,1013,"Vestibulum quam sapien, varius ut, blandit non, interdum in, ante. Vestibulum ante ipsum primis in faucibus orci luctus et ultrices posuere cubilia Curae; Duis faucibus accumsan odio."
Rustin,Gallehock,umn.edu,14,Jaxbean,Rustin Gallehock,rustin.gallehock@umn.edu,Contacted,Web,1049,Etiam justo. Etiam pretium iaculis justo. In hac habitasse platea dictumst. Etiam faucibus cursus urna. Ut tellus. Nulla ut erat id mauris vulputate elementum. Nullam varius.
Anderson,Menere,berkeley.edu,15,Tagopia,Anderson Menere,anderson.menere@berkeley.edu,Contacted,Event,1040,"Ut tellus. Nulla ut erat id mauris vulputate elementum. Nullam varius. Nulla facilisi. Cras non velit nec nisi vulputate nonummy. Maecenas tincidunt lacus at velit. Vivamus vel nulla eget eros elementum pellentesque. Quisque porta volutpat erat. Quisque erat eros, viverra eget, congue eget, semper rutrum, nulla."
Keenan,O'Henery,google.es,16,Thoughtworks,Keenan O'Henery,keenan.o'henery@google.es,Contacted,Web,1043,"Integer tincidunt ante vel ipsum. Praesent blandit lacinia erat. Vestibulum sed magna at nunc commodo placerat. Praesent blandit. Nam nulla. Integer pede justo, lacinia eget, tincidunt eget, tempus vel, pede. Morbi porttitor lorem id ligula. Suspendisse ornare consequat lectus. In est risus, auctor sed, tristique in, tempus sit amet, sem. Fusce consequat."
Sunny,Adame,admin.ch,17,Voolith,Sunny Adame,sunny.adame@admin.ch,Contacted,Referral,1034,Donec posuere metus vitae ipsum. Aliquam non mauris.
Alessandra,Edelmann,trellian.com,18,Feednation,Alessandra Edelmann,alessandra.edelmann@trellian.com,Lost,Email Campaign,1025,"Nam congue, risus semper porta volutpat, quam pede lobortis ligula, sit amet eleifend pede libero quis orci. Nullam molestie nibh in lectus. Pellentesque at nulla. Suspendisse potenti. Cras in purus eu magna vulputate luctus. Cum sociis natoque penatibus et magnis dis parturient montes, nascetur ridiculus mus. Vivamus vestibulum sagittis sapien. Cum sociis natoque penatibus et magnis dis parturient montes, nascetur ridiculus mus. Etiam vel augue. Vestibulum rutrum rutrum neque."
Pincus,Kynge,noaa.gov,19,Rhyzio,Pincus Kynge,pincus.kynge@noaa.gov,Contacted,Email Campaign,1010,"Vivamus in felis eu sapien cursus vestibulum. Proin eu mi. Nulla ac enim. In tempor, turpis nec euismod scelerisque, quam turpis adipiscing lorem, vitae mattis nibh ligula nec sem. Duis aliquam convallis nunc."
Jessa,Lucock,house.gov,20,Demizz,Jessa Lucock,jessa.lucock@house.gov,Lost,Event,1024,"In est risus, auctor sed, tristique in, tempus sit amet, sem. Fusce consequat. Nulla nisl. Nunc nisl. Duis bibendum, felis sed interdum venenatis, turpis enim blandit mi, in porttitor pede justo eu massa. Donec dapibus."
Penny,Liversedge,acquirethisname.com,21,Jatri,Penny Liversedge,penny.liversedge@acquirethisname.com,Won,LinkedIn,1050,Vestibulum sed magna at nunc commodo placerat. Praesent blandit. Nam nulla.
Leda,Coale,reverbnation.com,22,Zooveo,Leda Coale,leda.coale@reverbnation.com,Contacted,LinkedIn,1004,"Nulla neque libero, convallis eget, eleifend luctus, ultricies eu, nibh. Quisque id justo sit amet sapien dignissim vestibulum. Vestibulum ante ipsum primis in faucibus orci luctus et ultrices posuere cubilia Curae; Nulla dapibus dolor vel est. Donec odio justo, sollicitudin ut, suscipit a, feugiat et, eros. Vestibulum ac est lacinia nisi venenatis tristique. Fusce congue, diam id ornare imperdiet, sapien urna pretium nisl, ut volutpat sapien arcu sed augue. Aliquam erat volutpat. In congue. Etiam justo."
Tyrus,O'Shevlan,ameblo.jp,23,Bluezoom,Tyrus O'Shevlan,tyrus.o'shevlan@ameblo.jp,Contacted,Email Campaign,1029,"Donec dapibus. Duis at velit eu est congue elementum. In hac habitasse platea dictumst. Morbi vestibulum, velit id pretium iaculis, diam erat fermentum justo, nec condimentum neque sapien placerat ante. Nulla justo. Aliquam quis turpis eget elit sodales scelerisque."
Malinde,Hatherell,nba.com,24,Dabfeed,Malinde Hatherell,malinde.hatherell@nba.com,Won,Email Campaign,1035,Suspendisse potenti.
Isidore,Raison,google.cn,25,Kaymbo,Isidore Raison,isidore.raison@google.cn,Contacted,Email Campaign,1002,Ut tellus. Nulla ut erat id mauris vulputate elementum. Nullam varius. Nulla facilisi. Cras non velit nec nisi vulputate nonummy. Maecenas tincidunt lacus at velit. Vivamus vel nulla eget eros elementum pellentesque. Quisque porta volutpat erat.
Jacky,Stribling,umn.edu,26,Linkbridge,Jacky Stribling,jacky.stribling@umn.edu,New,Email Campaign,1028,Suspendisse potenti. Cras in purus eu magna vulputate luctus.
Tammy,Farmery,mayoclinic.com,27,Blogtag,Tammy Farmery,tammy.farmery@mayoclinic.com,Lost,Event,1005,"Donec quis orci eget orci vehicula condimentum. Curabitur in libero ut massa volutpat convallis. Morbi odio odio, elementum eu, interdum eu, tincidunt in, leo. Maecenas pulvinar lobortis est. Phasellus sit amet erat. Nulla tempus."
Cos,Fletham,vimeo.com,28,Browsebug,Cos Fletham,cos.fletham@vimeo.com,Contacted,Referral,1002,"Pellentesque viverra pede ac diam. Cras pellentesque volutpat dui. Maecenas tristique, est et tempus semper, est quam pharetra magna, ac consequat metus sapien ut nunc. Vestibulum ante ipsum primis in faucibus orci luctus et ultrices posuere cubilia Curae; Mauris viverra diam vitae quam. Suspendisse potenti. Nullam porttitor lacus at turpis."
Quincy,Thredder,prnewswire.com,29,Blogtag,Quincy Thredder,quincy.thredder@prnewswire.com,Lost,Referral,1005,"Mauris enim leo, rhoncus sed, vestibulum sit amet, cursus id, turpis."
Merilee,Aland,sogou.com,30,Eidel,Merilee Aland,merilee.aland@sogou.com,Contacted,Web,1034,Nulla justo.
Alida,Todman,bloglines.com,31,Oozz,Alida Todman,alida.todman@bloglines.com,Lost,Referral,1046,Nulla justo. Aliquam quis turpis eget elit sodales scelerisque. Mauris sit amet eros. Suspendisse accumsan tortor quis turpis. Sed ante. Vivamus tortor. Duis mattis egestas metus. Aenean fermentum.
Britta,Dot,about.me,32,Abata,Britta Dot,britta.dot@about.me,Won,Referral,1006,"Nulla neque libero, convallis eget, eleifend luctus, ultricies eu, nibh. Quisque id justo sit amet sapien dignissim vestibulum. Vestibulum ante ipsum primis in faucibus orci luctus et ultrices posuere cubilia Curae; Nulla dapibus dolor vel est. Donec odio justo, sollicitudin ut, suscipit a, feugiat et, eros. Vestibulum ac est lacinia nisi venenatis tristique. Fusce congue, diam id ornare imperdiet, sapien urna pretium nisl, ut volutpat sapien arcu sed augue. Aliquam erat volutpat. In congue. Etiam justo."
Warner,Joan,paypal.com,33,Flashdog,Warner Joan,warner.joan@paypal.com,Lost,Event,1015,Ut tellus. Nulla ut erat id mauris vulputate elementum. Nullam varius.
Eldin,Gregr,un.org,34,Livepath,Eldin Gregr,eldin.gregr@un.org,Lost,Event,1049,Aenean lectus. Pellentesque eget nunc.
Lionello,Halley,themeforest.net,35,Jabbersphere,Lionello Halley,lionello.halley@themeforest.net,Contacted,Web,1033,"Lorem ipsum dolor sit amet, consectetuer adipiscing elit."
Terrie,O'Sharkey,va.gov,36,Eamia,Terrie O'Sharkey,terrie.o'sharkey@va.gov,Lost,Web,1019,"Nullam orci pede, venenatis non, sodales sed, tincidunt eu, felis. Fusce posuere felis sed lacus. Morbi sem mauris, laoreet ut, rhoncus aliquet, pulvinar sed, nisl. Nunc rhoncus dui vel sem. Sed sagittis. Nam congue, risus semper porta volutpat, quam pede lobortis ligula, sit amet eleifend pede libero quis orci."
Jared,Birkett,delicious.com,37,Realpoint,Jared Birkett,jared.birkett@delicious.com,Lost,Email Campaign,1022,Donec dapibus.
Thomas,Burgoyne,vkontakte.ru,38,Realfire,Thomas Burgoyne,thomas.burgoyne@vkontakte.ru,Lost,Email Campaign,1023,"Donec diam neque, vestibulum eget, vulputate ut, ultrices vel, augue. Vestibulum ante ipsum primis in faucibus orci luctus et ultrices posuere cubilia Curae; Donec pharetra, magna vestibulum aliquet ultrices, erat tortor sollicitudin mi, sit amet lobortis sapien sapien non mi. Integer ac neque. Duis bibendum. Morbi non quam nec dui luctus rutrum. Nulla tellus. In sagittis dui vel nisl."
Rosalie,Liddiard,gov.uk,39,Yakitri,Rosalie Liddiard,rosalie.liddiard@gov.uk,Won,Web,1036,Praesent blandit lacinia erat. Vestibulum sed magna at nunc commodo placerat. Praesent blandit. Nam nulla.
Kaleena,Amyes,networksolutions.com,40,Jamia,Kaleena Amyes,kaleena.amyes@networksolutions.com,New,Event,1033,"Donec dapibus. Duis at velit eu est congue elementum. In hac habitasse platea dictumst. Morbi vestibulum, velit id pretium iaculis, diam erat fermentum justo, nec condimentum neque sapien placerat ante. Nulla justo. Aliquam quis turpis eget elit sodales scelerisque. Mauris sit amet eros."
Vin,Milland,zimbio.com,41,Jayo,Vin Milland,vin.milland@zimbio.com,Contacted,Web,1006,Donec quis orci eget orci vehicula condimentum. Curabitur in libero ut massa volutpat convallis.
Roberto,Oddey,oakley.com,42,Fanoodle,Roberto Oddey,roberto.oddey@oakley.com,Lost,Email Campaign,1002,"Quisque porta volutpat erat. Quisque erat eros, viverra eget, congue eget, semper rutrum, nulla. Nunc purus. Phasellus in felis. Donec semper sapien a libero. Nam dui. Proin leo odio, porttitor id, consequat in, consequat ut, nulla. Sed accumsan felis. Ut at dolor quis odio consequat varius. Integer ac leo."
Alix,Goodswen,privacy.gov.au,43,Trilia,Alix Goodswen,alix.goodswen@privacy.gov.au,Contacted,Email Campaign,1021,"Donec vitae nisi. Nam ultrices, libero non mattis pulvinar, nulla pede ullamcorper augue, a suscipit nulla elit ac nulla. Sed vel enim sit amet nunc viverra dapibus. Nulla suscipit ligula in lacus."
Boot,Swynfen,godaddy.com,44,Zava,Boot Swynfen,boot.swynfen@godaddy.com,Lost,Web,1005,"Integer ac neque. Duis bibendum. Morbi non quam nec dui luctus rutrum. Nulla tellus. In sagittis dui vel nisl. Duis ac nibh. Fusce lacus purus, aliquet at, feugiat non, pretium quis, lectus. Suspendisse potenti."
Robena,Oulett,histats.com,45,Skyndu,Robena Oulett,robena.oulett@histats.com,Contacted,Email Campaign,1011,"Vestibulum ante ipsum primis in faucibus orci luctus et ultrices posuere cubilia Curae; Duis faucibus accumsan odio. Curabitur convallis. Duis consequat dui nec nisi volutpat eleifend. Donec ut dolor. Morbi vel lectus in quam fringilla rhoncus. Mauris enim leo, rhoncus sed, vestibulum sit amet, cursus id, turpis. Integer aliquet, massa id lobortis convallis, tortor risus dapibus augue, vel accumsan tellus nisi eu orci."
Martie,Gowanson,huffingtonpost.com,46,Gabvine,Martie Gowanson,martie.gowanson@huffingtonpost.com,New,Web,1044,Morbi a ipsum. Integer a nibh. In quis justo. Maecenas rhoncus aliquam lacus.
Maurine,Lucus,house.gov,47,Voonte,Maurine Lucus,maurine.lucus@house.gov,Contacted,Web,1036,"Vestibulum rutrum rutrum neque. Aenean auctor gravida sem. Praesent id massa id nisl venenatis lacinia. Aenean sit amet justo. Morbi ut odio. Cras mi pede, malesuada in, imperdiet et, commodo vulputate, justo. In blandit ultrices enim. Lorem ipsum dolor sit amet, consectetuer adipiscing elit. Proin interdum mauris non ligula pellentesque ultrices."
Jud,Bolger,scribd.com,48,Avamm,Jud Bolger,jud.bolger@scribd.com,New,Email Campaign,1008,"Maecenas tristique, est et tempus semper, est quam pharetra magna, ac consequat metus sapien ut nunc. Vestibulum ante ipsum primis in faucibus orci luctus et ultrices posuere cubilia Curae; Mauris viverra diam vitae quam."
Hannie,Shore,artisteer.com,49,Leexo,Hannie Shore,hannie.shore@artisteer.com,Lost,Email Campaign,1032,"Maecenas leo odio, condimentum id, luctus nec, molestie sed, justo. Pellentesque viverra pede ac diam. Cras pellentesque volutpat dui."
Brendin,Duck,toplist.cz,50,Trudoo,Brendin Duck,brendin.duck@toplist.cz,Won,Event,1025,"Nulla facilisi. Cras non velit nec nisi vulputate nonummy. Maecenas tincidunt lacus at velit. Vivamus vel nulla eget eros elementum pellentesque. Quisque porta volutpat erat. Quisque erat eros, viverra eget, congue eget, semper rutrum, nulla. Nunc purus. Phasellus in felis. Donec semper sapien a libero. Nam dui."
Georas,Wigin,youtube.com,51,Wordtune,Georas Wigin,georas.wigin@youtube.com,Lost,Web,1024,"Aliquam non mauris. Morbi non lectus. Aliquam sit amet diam in magna bibendum imperdiet. Nullam orci pede, venenatis non, sodales sed, tincidunt eu, felis. Fusce posuere felis sed lacus. Morbi sem mauris, laoreet ut, rhoncus aliquet, pulvinar sed, nisl. Nunc rhoncus dui vel sem. Sed sagittis. Nam congue, risus semper porta volutpat, quam pede lobortis ligula, sit amet eleifend pede libero quis orci. Nullam molestie nibh in lectus."
Clarey,Bleasdille,arizona.edu,52,Quimm,Clarey Bleasdille,clarey.bleasdille@arizona.edu,Contacted,Email Campaign,1005,Nunc nisl.
Jenn,Waliszewski,flickr.com,53,Yata,Jenn Waliszewski,jenn.waliszewski@flickr.com,Won,Referral,1028,"Nulla neque libero, convallis eget, eleifend luctus, ultricies eu, nibh. Quisque id justo sit amet sapien dignissim vestibulum. Vestibulum ante ipsum primis in faucibus orci luctus et ultrices posuere cubilia Curae; Nulla dapibus dolor vel est. Donec odio justo, sollicitudin ut, suscipit a, feugiat et, eros. Vestibulum ac est lacinia nisi venenatis tristique. Fusce congue, diam id ornare imperdiet, sapien urna pretium nisl, ut volutpat sapien arcu sed augue. Aliquam erat volutpat."
Maegan,Winslet,networksolutions.com,54,Leexo,Maegan Winslet,maegan.winslet@networksolutions.com,Won,Email Campaign,1023,Integer tincidunt ante vel ipsum. Praesent blandit lacinia erat. Vestibulum sed magna at nunc commodo placerat. Praesent blandit.
Bay,Gasnell,si.edu,55,Feednation,Bay Gasnell,bay.gasnell@si.edu,Contacted,Event,1037,"Vivamus metus arcu, adipiscing molestie, hendrerit at, vulputate vitae, nisl. Aenean lectus. Pellentesque eget nunc. Donec quis orci eget orci vehicula condimentum. Curabitur in libero ut massa volutpat convallis. Morbi odio odio, elementum eu, interdum eu, tincidunt in, leo."
Hyacintha,Swalwel,washington.edu,56,Ozu,Hyacintha Swalwel,hyacintha.swalwel@washington.edu,Lost,LinkedIn,1005,Nulla mollis molestie lorem.
Boigie,Windress,shutterfly.com,57,Feednation,Boigie Windress,boigie.windress@shutterfly.com,Contacted,Referral,1039,"Proin eu mi. Nulla ac enim. In tempor, turpis nec euismod scelerisque, quam turpis adipiscing lorem, vitae mattis nibh ligula nec sem. Duis aliquam convallis nunc. Proin at turpis a pede posuere nonummy. Integer non velit."
Yolanthe,De Vuyst,1688.com,58,Topicblab,Yolanthe De Vuyst,yolanthe.de vuyst@1688.com,Contacted,LinkedIn,1027,"Quisque erat eros, viverra eget, congue eget, semper rutrum, nulla. Nunc purus. Phasellus in felis. Donec semper sapien a libero. Nam dui. Proin leo odio, porttitor id, consequat in, consequat ut, nulla."
Sancho,Wyld,ftc.gov,59,Twitterwire,Sancho Wyld,sancho.wyld@ftc.gov,New,Event,1042,"Phasellus in felis. Donec semper sapien a libero. Nam dui. Proin leo odio, porttitor id, consequat in, consequat ut, nulla. Sed accumsan felis."
Theda,Arcase,netvibes.com,60,Livetube,Theda Arcase,theda.arcase@netvibes.com,Won,Web,1006,"Proin at turpis a pede posuere nonummy. Integer non velit. Donec diam neque, vestibulum eget, vulputate ut, ultrices vel, augue."
Clair,Romushkin,mapy.cz,61,Viva,Clair Romushkin,clair.romushkin@mapy.cz,Contacted,Event,1012,"Duis aliquam convallis nunc. Proin at turpis a pede posuere nonummy. Integer non velit. Donec diam neque, vestibulum eget, vulputate ut, ultrices vel, augue. Vestibulum ante ipsum primis in faucibus orci luctus et ultrices posuere cubilia Curae; Donec pharetra, magna vestibulum aliquet ultrices, erat tortor sollicitudin mi, sit amet lobortis sapien sapien non mi. Integer ac neque. Duis bibendum. Morbi non quam nec dui luctus rutrum. Nulla tellus. In sagittis dui vel nisl."
Saw,Cubberley,intel.com,62,Fivebridge,Saw Cubberley,saw.cubberley@intel.com,Lost,Email Campaign,1009,Sed ante. Vivamus tortor. Duis mattis egestas metus. Aenean fermentum.
Nikoletta,Durrance,dell.com,63,Browsedrive,Nikoletta Durrance,nikoletta.durrance@dell.com,Lost,Event,1040,Nulla tempus. Vivamus in felis eu sapien cursus vestibulum. Proin eu mi.
Cammie,Furmage,yahoo.com,64,Photofeed,Cammie Furmage,cammie.furmage@yahoo.com,Lost,LinkedIn,1023,In hac habitasse platea dictumst. Etiam faucibus cursus urna. Ut tellus. Nulla ut erat id mauris vulputate elementum. Nullam varius. Nulla facilisi.
Sela,Dyneley,census.gov,65,Devify,Sela Dyneley,sela.dyneley@census.gov,New,Event,1049,Vestibulum ac est lacinia nisi venenatis tristique.
Debi,Skin,t.co,66,Livetube,Debi Skin,debi.skin@t.co,Contacted,Event,1050,Praesent id massa id nisl venenatis lacinia. Aenean sit amet justo. Morbi ut odio.
Arlin,GiacobbiniJacob,shutterfly.com,67,Skajo,Arlin GiacobbiniJacob,arlin.giacobbinijacob@shutterfly.com,New,Referral,1049,"Nulla tellus. In sagittis dui vel nisl. Duis ac nibh. Fusce lacus purus, aliquet at, feugiat non, pretium quis, lectus. Suspendisse potenti. In eleifend quam a odio. In hac habitasse platea dictumst. Maecenas ut massa quis augue luctus tincidunt. Nulla mollis molestie lorem. Quisque ut erat."
Boot,Barnfield,trellian.com,68,Topiczoom,Boot Barnfield,boot.barnfield@trellian.com,Won,Event,1025,Duis consequat dui nec nisi volutpat eleifend. Donec ut dolor. Morbi vel lectus in quam fringilla rhoncus.
Ellsworth,Patek,hhs.gov,69,Meemm,Ellsworth Patek,ellsworth.patek@hhs.gov,Lost,Event,1041,Vivamus vestibulum sagittis sapien.
Sayers,Collymore,trellian.com,70,Buzzshare,Sayers Collymore,sayers.collymore@trellian.com,Contacted,Web,1029,"Donec odio justo, sollicitudin ut, suscipit a, feugiat et, eros."
Ilene,Snazel,cpanel.net,71,Vidoo,Ilene Snazel,ilene.snazel@cpanel.net,Won,Web,1028,"Aenean lectus. Pellentesque eget nunc. Donec quis orci eget orci vehicula condimentum. Curabitur in libero ut massa volutpat convallis. Morbi odio odio, elementum eu, interdum eu, tincidunt in, leo. Maecenas pulvinar lobortis est."
Renado,Mixer,about.com,72,Ozu,Renado Mixer,renado.mixer@about.com,Lost,Event,1003,"Sed sagittis. Nam congue, risus semper porta volutpat, quam pede lobortis ligula, sit amet eleifend pede libero quis orci. Nullam molestie nibh in lectus. Pellentesque at nulla."
Craggy,Freegard,theguardian.com,73,Kimia,Craggy Freegard,craggy.freegard@theguardian.com,Contacted,Email Campaign,1027,"Nulla facilisi. Cras non velit nec nisi vulputate nonummy. Maecenas tincidunt lacus at velit. Vivamus vel nulla eget eros elementum pellentesque. Quisque porta volutpat erat. Quisque erat eros, viverra eget, congue eget, semper rutrum, nulla. Nunc purus. Phasellus in felis. Donec semper sapien a libero."
Panchito,Ouslem,ibm.com,74,Vitz,Panchito Ouslem,panchito.ouslem@ibm.com,Lost,Event,1046,"Morbi odio odio, elementum eu, interdum eu, tincidunt in, leo."
Gaspar,Spur,ed.gov,75,Bubbletube,Gaspar Spur,gaspar.spur@ed.gov,Won,LinkedIn,1049,"Fusce congue, diam id ornare imperdiet, sapien urna pretium nisl, ut volutpat sapien arcu sed augue. Aliquam erat volutpat. In congue. Etiam justo."
Alejandra,Synnott,amazon.de,76,Tagpad,Alejandra Synnott,alejandra.synnott@amazon.de,Won,Event,1042,"Proin risus. Praesent lectus. Vestibulum quam sapien, varius ut, blandit non, interdum in, ante. Vestibulum ante ipsum primis in faucibus orci luctus et ultrices posuere cubilia Curae; Duis faucibus accumsan odio. Curabitur convallis."
Walsh,Howsego,wikia.com,77,Miboo,Walsh Howsego,walsh.howsego@wikia.com,New,Referral,1027,Sed sagittis.
Adora,Stanlick,guardian.co.uk,78,Jabbertype,Adora Stanlick,adora.stanlick@guardian.co.uk,Contacted,Web,1003,"Duis bibendum. Morbi non quam nec dui luctus rutrum. Nulla tellus. In sagittis dui vel nisl. Duis ac nibh. Fusce lacus purus, aliquet at, feugiat non, pretium quis, lectus."
Mendy,Bennie,storify.com,79,Gabcube,Mendy Bennie,mendy.bennie@storify.com,Won,Event,1019,"Morbi vel lectus in quam fringilla rhoncus. Mauris enim leo, rhoncus sed, vestibulum sit amet, cursus id, turpis. Integer aliquet, massa id lobortis convallis, tortor risus dapibus augue, vel accumsan tellus nisi eu orci. Mauris lacinia sapien quis libero. Nullam sit amet turpis elementum ligula vehicula consequat. Morbi a ipsum."
Beatriz,Goldhawk,networksolutions.com,80,Oba,Beatriz Goldhawk,beatriz.goldhawk@networksolutions.com,Won,Email Campaign,1023,"Vestibulum ac est lacinia nisi venenatis tristique. Fusce congue, diam id ornare imperdiet, sapien urna pretium nisl, ut volutpat sapien arcu sed augue."
Austine,Huddlestone,taobao.com,81,Riffpedia,Austine Huddlestone,austine.huddlestone@taobao.com,Contacted,Event,1046,"Nulla mollis molestie lorem. Quisque ut erat. Curabitur gravida nisi at nibh. In hac habitasse platea dictumst. Aliquam augue quam, sollicitudin vitae, consectetuer eget, rutrum at, lorem. Integer tincidunt ante vel ipsum. Praesent blandit lacinia erat. Vestibulum sed magna at nunc commodo placerat. Praesent blandit. Nam nulla."
Livvy,Spensley,ftc.gov,82,Divanoodle,Livvy Spensley,livvy.spensley@ftc.gov,Lost,LinkedIn,1030,In congue. Etiam justo. Etiam pretium iaculis justo. In hac habitasse platea dictumst. Etiam faucibus cursus urna. Ut tellus. Nulla ut erat id mauris vulputate elementum. Nullam varius. Nulla facilisi. Cras non velit nec nisi vulputate nonummy.
Bradney,Sweetlove,cmu.edu,83,Livefish,Bradney Sweetlove,bradney.sweetlove@cmu.edu,Lost,Referral,1036,Nullam varius. Nulla facilisi. Cras non velit nec nisi vulputate nonummy. Maecenas tincidunt lacus at velit. Vivamus vel nulla eget eros elementum pellentesque. Quisque porta volutpat erat.
Yalonda,Glavias,myspace.com,84,Shuffledrive,Yalonda Glavias,yalonda.glavias@myspace.com,Lost,Event,1045,"Sed sagittis. Nam congue, risus semper porta volutpat, quam pede lobortis ligula, sit amet eleifend pede libero quis orci. Nullam molestie nibh in lectus. Pellentesque at nulla. Suspendisse potenti. Cras in purus eu magna vulputate luctus. Cum sociis natoque penatibus et magnis dis parturient montes, nascetur ridiculus mus. Vivamus vestibulum sagittis sapien. Cum sociis natoque penatibus et magnis dis parturient montes, nascetur ridiculus mus. Etiam vel augue."
Vic,Pulver,sbwire.com,85,Topicblab,Vic Pulver,vic.pulver@sbwire.com,Lost,Email Campaign,1023,"Nullam orci pede, venenatis non, sodales sed, tincidunt eu, felis. Fusce posuere felis sed lacus. Morbi sem mauris, laoreet ut, rhoncus aliquet, pulvinar sed, nisl. Nunc rhoncus dui vel sem. Sed sagittis."
Prissie,Cadd,hugedomains.com,86,Rhynoodle,Prissie Cadd,prissie.cadd@hugedomains.com,Lost,Referral,1016,Aenean fermentum. Donec ut mauris eget massa tempor convallis.
Eddi,O'Carmody,pbs.org,87,Skidoo,Eddi O'Carmody,eddi.o'carmody@pbs.org,Won,Event,1033,Vestibulum sed magna at nunc commodo placerat. Praesent blandit. Nam nulla.
Terence,Antham,issuu.com,88,Tazzy,Terence Antham,terence.antham@issuu.com,Lost,LinkedIn,1043,Mauris sit amet eros.
Martica,Sarl,nasa.gov,89,Mydo,Martica Sarl,martica.sarl@nasa.gov,Contacted,LinkedIn,1005,Nulla justo. Aliquam quis turpis eget elit sodales scelerisque. Mauris sit amet eros. Suspendisse accumsan tortor quis turpis. Sed ante. Vivamus tortor. Duis mattis egestas metus. Aenean fermentum.
Florette,Fairlaw,wp.com,90,Gabtune,Florette Fairlaw,florette.fairlaw@wp.com,Lost,Web,1045,"Fusce lacus purus, aliquet at, feugiat non, pretium quis, lectus. Suspendisse potenti. In eleifend quam a odio. In hac habitasse platea dictumst. Maecenas ut massa quis augue luctus tincidunt. Nulla mollis molestie lorem."
Monroe,Sizzey,bluehost.com,91,Trunyx,Monroe Sizzey,monroe.sizzey@bluehost.com,Won,Web,1009,"Fusce congue, diam id ornare imperdiet, sapien urna pretium nisl, ut volutpat sapien arcu sed augue."
Ward,Beazer,craigslist.org,92,Topiclounge,Ward Beazer,ward.beazer@craigslist.org,Won,Event,1011,"Pellentesque ultrices mattis odio. Donec vitae nisi. Nam ultrices, libero non mattis pulvinar, nulla pede ullamcorper augue, a suscipit nulla elit ac nulla. Sed vel enim sit amet nunc viverra dapibus. Nulla suscipit ligula in lacus."
Lemmy,Alpes,ed.gov,93,Gigabox,Lemmy Alpes,lemmy.alpes@ed.gov,Contacted,Web,1050,Pellentesque at nulla.
Hewett,Daughtry,storify.com,94,Voolith,Hewett Daughtry,hewett.daughtry@storify.com,Lost,LinkedIn,1043,"Integer ac leo. Pellentesque ultrices mattis odio. Donec vitae nisi. Nam ultrices, libero non mattis pulvinar, nulla pede ullamcorper augue, a suscipit nulla elit ac nulla."
Zsa zsa,Sinclar,over-blog.com,95,Skimia,Zsa zsa Sinclar,zsa zsa.sinclar@over-blog.com,Won,LinkedIn,1017,"In tempor, turpis nec euismod scelerisque, quam turpis adipiscing lorem, vitae mattis nibh ligula nec sem."
Rolfe,Moreland,linkedin.com,96,Zoovu,Rolfe Moreland,rolfe.moreland@linkedin.com,Contacted,Event,1014,"Suspendisse ornare consequat lectus. In est risus, auctor sed, tristique in, tempus sit amet, sem. Fusce consequat. Nulla nisl. Nunc nisl. Duis bibendum, felis sed interdum venenatis, turpis enim blandit mi, in porttitor pede justo eu massa."
Stan,Thecham,bloomberg.com,97,Agivu,Stan Thecham,stan.thecham@bloomberg.com,Contacted,LinkedIn,1024,"Proin at turpis a pede posuere nonummy. Integer non velit. Donec diam neque, vestibulum eget, vulputate ut, ultrices vel, augue. Vestibulum ante ipsum primis in faucibus orci luctus et ultrices posuere cubilia Curae; Donec pharetra, magna vestibulum aliquet ultrices, erat tortor sollicitudin mi, sit amet lobortis sapien sapien non mi. Integer ac neque. Duis bibendum. Morbi non quam nec dui luctus rutrum. Nulla tellus."
Essa,Bogays,google.com,98,Linktype,Essa Bogays,essa.bogays@google.com,Won,LinkedIn,1020,"Nam ultrices, libero non mattis pulvinar, nulla pede ullamcorper augue, a suscipit nulla elit ac nulla. Sed vel enim sit amet nunc viverra dapibus. Nulla suscipit ligula in lacus. Curabitur at ipsum ac tellus semper interdum. Mauris ullamcorper purus sit amet nulla. Quisque arcu libero, rutrum ac, lobortis vel, dapibus at, diam. Nam tristique tortor eu pede."
Emelyne,Leipelt,yolasite.com,99,Quatz,Emelyne Leipelt,emelyne.leipelt@yolasite.com,New,LinkedIn,1015,"Cum sociis natoque penatibus et magnis dis parturient montes, nascetur ridiculus mus."
Elsy,Hinstock,discovery.com,100,Eayo,Elsy Hinstock,elsy.hinstock@discovery.com,New,Web,1010,"Cras pellentesque volutpat dui. Maecenas tristique, est et tempus semper, est quam pharetra magna, ac consequat metus sapien ut nunc."
Jameson,Hartly,senate.gov,101,Brightdog,Jameson Hartly,jameson.hartly@senate.gov,Won,Event,1033,"In sagittis dui vel nisl. Duis ac nibh. Fusce lacus purus, aliquet at, feugiat non, pretium quis, lectus. Suspendisse potenti. In eleifend quam a odio. In hac habitasse platea dictumst. Maecenas ut massa quis augue luctus tincidunt."
Aldridge,Talton,cbsnews.com,102,Skidoo,Aldridge Talton,aldridge.talton@cbsnews.com,Won,Web,1002,"Donec quis orci eget orci vehicula condimentum. Curabitur in libero ut massa volutpat convallis. Morbi odio odio, elementum eu, interdum eu, tincidunt in, leo. Maecenas pulvinar lobortis est."
Teodoro,Fowlie,berkeley.edu,103,Yodo,Teodoro Fowlie,teodoro.fowlie@berkeley.edu,New,Email Campaign,1041,"Duis mattis egestas metus. Aenean fermentum. Donec ut mauris eget massa tempor convallis. Nulla neque libero, convallis eget, eleifend luctus, ultricies eu, nibh. Quisque id justo sit amet sapien dignissim vestibulum. Vestibulum ante ipsum primis in faucibus orci luctus et ultrices posuere cubilia Curae; Nulla dapibus dolor vel est. Donec odio justo, sollicitudin ut, suscipit a, feugiat et, eros. Vestibulum ac est lacinia nisi venenatis tristique. Fusce congue, diam id ornare imperdiet, sapien urna pretium nisl, ut volutpat sapien arcu sed augue."
Britteny,Bonde,cafepress.com,104,Photobug,Britteny Bonde,britteny.bonde@cafepress.com,Won,Event,1037,"Nulla nisl. Nunc nisl. Duis bibendum, felis sed interdum venenatis, turpis enim blandit mi, in porttitor pede justo eu massa. Donec dapibus. Duis at velit eu est congue elementum. In hac habitasse platea dictumst."
Tabbie,Shipperbottom,flavors.me,105,Viva,Tabbie Shipperbottom,tabbie.shipperbottom@flavors.me,Won,Referral,1031,"Mauris enim leo, rhoncus sed, vestibulum sit amet, cursus id, turpis. Integer aliquet, massa id lobortis convallis, tortor risus dapibus augue, vel accumsan tellus nisi eu orci. Mauris lacinia sapien quis libero. Nullam sit amet turpis elementum ligula vehicula consequat. Morbi a ipsum. Integer a nibh. In quis justo."
Rodie,Lodford,redcross.org,106,Skiba,Rodie Lodford,rodie.lodford@redcross.org,Contacted,Event,1026,"Proin interdum mauris non ligula pellentesque ultrices. Phasellus id sapien in sapien iaculis congue. Vivamus metus arcu, adipiscing molestie, hendrerit at, vulputate vitae, nisl. Aenean lectus."
Max,Ardley,fotki.com,107,Eimbee,Max Ardley,max.ardley@fotki.com,New,LinkedIn,1050,"In quis justo. Maecenas rhoncus aliquam lacus. Morbi quis tortor id nulla ultrices aliquet. Maecenas leo odio, condimentum id, luctus nec, molestie sed, justo. Pellentesque viverra pede ac diam. Cras pellentesque volutpat dui."
Ashley,Baynton,slideshare.net,108,Thoughtstorm,Ashley Baynton,ashley.baynton@slideshare.net,Won,Referral,1043,"Aliquam augue quam, sollicitudin vitae, consectetuer eget, rutrum at, lorem. Integer tincidunt ante vel ipsum. Praesent blandit lacinia erat."
Gregory,Beamand,shop-pro.jp,109,Dynazzy,Gregory Beamand,gregory.beamand@shop-pro.jp,Won,Event,1018,"Donec diam neque, vestibulum eget, vulputate ut, ultrices vel, augue."
Cathe,Gosnoll,cam.ac.uk,110,Leexo,Cathe Gosnoll,cathe.gosnoll@cam.ac.uk,Lost,Referral,1021,"Quisque porta volutpat erat. Quisque erat eros, viverra eget, congue eget, semper rutrum, nulla. Nunc purus."
Curt,Mac Giany,java.com,111,Blognation,Curt Mac Giany,curt.mac giany@java.com,Contacted,Email Campaign,1012,"Donec diam neque, vestibulum eget, vulputate ut, ultrices vel, augue. Vestibulum ante ipsum primis in faucibus orci luctus et ultrices posuere cubilia Curae; Donec pharetra, magna vestibulum aliquet ultrices, erat tortor sollicitudin mi, sit amet lobortis sapien sapien non mi."
Rochester,Middle,scientificamerican.com,112,Tavu,Rochester Middle,rochester.middle@scientificamerican.com,New,LinkedIn,1024,"Donec vitae nisi. Nam ultrices, libero non mattis pulvinar, nulla pede ullamcorper augue, a suscipit nulla elit ac nulla. Sed vel enim sit amet nunc viverra dapibus. Nulla suscipit ligula in lacus."
Jerrine,McIntee,mail.ru,113,Livetube,Jerrine McIntee,jerrine.mcintee@mail.ru,Won,LinkedIn,1003,"Cras in purus eu magna vulputate luctus. Cum sociis natoque penatibus et magnis dis parturient montes, nascetur ridiculus mus. Vivamus vestibulum sagittis sapien. Cum sociis natoque penatibus et magnis dis parturient montes, nascetur ridiculus mus. Etiam vel augue. Vestibulum rutrum rutrum neque. Aenean auctor gravida sem. Praesent id massa id nisl venenatis lacinia. Aenean sit amet justo. Morbi ut odio."
Wenonah,Blackie,sohu.com,114,Linktype,Wenonah Blackie,wenonah.blackie@sohu.com,New,Email Campaign,1034,"In sagittis dui vel nisl. Duis ac nibh. Fusce lacus purus, aliquet at, feugiat non, pretium quis, lectus. Suspendisse potenti. In eleifend quam a odio."
Flemming,Mount,ucoz.ru,115,Ozu,Flemming Mount,flemming.mount@ucoz.ru,New,Referral,1030,"Nunc nisl. Duis bibendum, felis sed interdum venenatis, turpis enim blandit mi, in porttitor pede justo eu massa. Donec dapibus. Duis at velit eu est congue elementum. In hac habitasse platea dictumst. Morbi vestibulum, velit id pretium iaculis, diam erat fermentum justo, nec condimentum neque sapien placerat ante. Nulla justo. Aliquam quis turpis eget elit sodales scelerisque. Mauris sit amet eros."
Pavlov,Bamborough,google.fr,116,Innotype,Pavlov Bamborough,pavlov.bamborough@google.fr,Won,Email Campaign,1028,Praesent blandit. Nam nulla.
Darby,Looby,odnoklassniki.ru,117,LiveZ,Darby Looby,darby.looby@odnoklassniki.ru,New,Web,1029,"Vestibulum ante ipsum primis in faucibus orci luctus et ultrices posuere cubilia Curae; Nulla dapibus dolor vel est. Donec odio justo, sollicitudin ut, suscipit a, feugiat et, eros. Vestibulum ac est lacinia nisi venenatis tristique. Fusce congue, diam id ornare imperdiet, sapien urna pretium nisl, ut volutpat sapien arcu sed augue. Aliquam erat volutpat. In congue."
Ailbert,Weinberg,vkontakte.ru,118,Youopia,Ailbert Weinberg,ailbert.weinberg@vkontakte.ru,New,LinkedIn,1018,"Aenean lectus. Pellentesque eget nunc. Donec quis orci eget orci vehicula condimentum. Curabitur in libero ut massa volutpat convallis. Morbi odio odio, elementum eu, interdum eu, tincidunt in, leo. Maecenas pulvinar lobortis est. Phasellus sit amet erat. Nulla tempus. Vivamus in felis eu sapien cursus vestibulum. Proin eu mi."
Benetta,Robez,craigslist.org,119,Dazzlesphere,Benetta Robez,benetta.robez@craigslist.org,Contacted,Referral,1027,"Nulla facilisi. Cras non velit nec nisi vulputate nonummy. Maecenas tincidunt lacus at velit. Vivamus vel nulla eget eros elementum pellentesque. Quisque porta volutpat erat. Quisque erat eros, viverra eget, congue eget, semper rutrum, nulla. Nunc purus. Phasellus in felis. Donec semper sapien a libero."
Lilllie,Bleything,google.it,120,Quaxo,Lilllie Bleything,lilllie.bleything@google.it,Contacted,LinkedIn,1037,"Integer aliquet, massa id lobortis convallis, tortor risus dapibus augue, vel accumsan tellus nisi eu orci. Mauris lacinia sapien quis libero."
Tabbie,Battle,devhub.com,121,Riffpedia,Tabbie Battle,tabbie.battle@devhub.com,Lost,Email Campaign,1016,"Praesent blandit lacinia erat. Vestibulum sed magna at nunc commodo placerat. Praesent blandit. Nam nulla. Integer pede justo, lacinia eget, tincidunt eget, tempus vel, pede. Morbi porttitor lorem id ligula. Suspendisse ornare consequat lectus."
Enrico,Rochford,facebook.com,122,Jabberbean,Enrico Rochford,enrico.rochford@facebook.com,Won,Referral,1004,"Maecenas leo odio, condimentum id, luctus nec, molestie sed, justo."
Rosella,de Zamora,china.com.cn,123,Muxo,Rosella de Zamora,rosella.de zamora@china.com.cn,Lost,Event,1012,In hac habitasse platea dictumst. Maecenas ut massa quis augue luctus tincidunt.
Reg,Standage,xing.com,124,Devshare,Reg Standage,reg.standage@xing.com,Contacted,Event,1013,"Donec ut mauris eget massa tempor convallis. Nulla neque libero, convallis eget, eleifend luctus, ultricies eu, nibh."
Pate,Vasquez,tamu.edu,125,Tagtune,Pate Vasquez,pate.vasquez@tamu.edu,Contacted,Referral,1045,"Cum sociis natoque penatibus et magnis dis parturient montes, nascetur ridiculus mus. Etiam vel augue. Vestibulum rutrum rutrum neque. Aenean auctor gravida sem. Praesent id massa id nisl venenatis lacinia."
Sullivan,Semrad,ask.com,126,Shufflester,Sullivan Semrad,sullivan.semrad@ask.com,Won,Referral,1029,Etiam pretium iaculis justo. In hac habitasse platea dictumst. Etiam faucibus cursus urna. Ut tellus. Nulla ut erat id mauris vulputate elementum.
Traver,Dorsey,noaa.gov,127,Devify,Traver Dorsey,traver.dorsey@noaa.gov,Won,LinkedIn,1033,Maecenas ut massa quis augue luctus tincidunt. Nulla mollis molestie lorem.
Shaylah,Stanmer,jimdo.com,128,Agimba,Shaylah Stanmer,shaylah.stanmer@jimdo.com,New,Email Campaign,1028,Nulla mollis molestie lorem. Quisque ut erat. Curabitur gravida nisi at nibh.
Zilvia,Spires,g.co,129,Voonyx,Zilvia Spires,zilvia.spires@g.co,Lost,Event,1006,"Vestibulum ac est lacinia nisi venenatis tristique. Fusce congue, diam id ornare imperdiet, sapien urna pretium nisl, ut volutpat sapien arcu sed augue. Aliquam erat volutpat. In congue. Etiam justo. Etiam pretium iaculis justo. In hac habitasse platea dictumst. Etiam faucibus cursus urna. Ut tellus."
Julia,Drife,mozilla.org,130,Bluejam,Julia Drife,julia.drife@mozilla.org,Lost,Email Campaign,1017,Suspendisse accumsan tortor quis turpis. Sed ante. Vivamus tortor. Duis mattis egestas metus. Aenean fermentum.
Julius,Medland,mayoclinic.com,131,Eazzy,Julius Medland,julius.medland@mayoclinic.com,New,Email Campaign,1041,Morbi non lectus.
Sylvia,Herrema,paypal.com,132,Skynoodle,Sylvia Herrema,sylvia.herrema@paypal.com,Contacted,Event,1011,"Nunc rhoncus dui vel sem. Sed sagittis. Nam congue, risus semper porta volutpat, quam pede lobortis ligula, sit amet eleifend pede libero quis orci. Nullam molestie nibh in lectus. Pellentesque at nulla. Suspendisse potenti. Cras in purus eu magna vulputate luctus. Cum sociis natoque penatibus et magnis dis parturient montes, nascetur ridiculus mus. Vivamus vestibulum sagittis sapien. Cum sociis natoque penatibus et magnis dis parturient montes, nascetur ridiculus mus."
Bartolomeo,Labusch,hud.gov,133,Gabtune,Bartolomeo Labusch,bartolomeo.labusch@hud.gov,Lost,Event,1023,"Donec semper sapien a libero. Nam dui. Proin leo odio, porttitor id, consequat in, consequat ut, nulla. Sed accumsan felis."
Petey,Ruseworth,unesco.org,134,Divape,Petey Ruseworth,petey.ruseworth@unesco.org,New,Event,1027,Donec posuere metus vitae ipsum. Aliquam non mauris.
Melamie,Rohlf,sogou.com,135,Quire,Melamie Rohlf,melamie.rohlf@sogou.com,New,Event,1033,Sed accumsan felis. Ut at dolor quis odio consequat varius. Integer ac leo. Pellentesque ultrices mattis odio. Donec vitae nisi.
Rurik,Pre,smh.com.au,136,Rhynoodle,Rurik Pre,rurik.pre@smh.com.au,Won,Referral,1041,"Morbi a ipsum. Integer a nibh. In quis justo. Maecenas rhoncus aliquam lacus. Morbi quis tortor id nulla ultrices aliquet. Maecenas leo odio, condimentum id, luctus nec, molestie sed, justo. Pellentesque viverra pede ac diam."
Agnella,Spofforth,netvibes.com,137,Skilith,Agnella Spofforth,agnella.spofforth@netvibes.com,New,Web,1046,Pellentesque at nulla.
Helsa,Sharnock,cdbaby.com,138,Mymm,Helsa Sharnock,helsa.sharnock@cdbaby.com,Lost,LinkedIn,1041,"Fusce congue, diam id ornare imperdiet, sapien urna pretium nisl, ut volutpat sapien arcu sed augue. Aliquam erat volutpat. In congue. Etiam justo. Etiam pretium iaculis justo. In hac habitasse platea dictumst."
Isaak,Barrett,boston.com,139,Browsezoom,Isaak Barrett,isaak.barrett@boston.com,Contacted,Email Campaign,1028,Nullam varius. Nulla facilisi.
Estel,Joskovitch,toplist.cz,140,Vinte,Estel Joskovitch,estel.joskovitch@toplist.cz,Contacted,Event,1020,"Cras mi pede, malesuada in, imperdiet et, commodo vulputate, justo."
Dore,Rump,macromedia.com,141,Janyx,Dore Rump,dore.rump@macromedia.com,New,Event,1009,"Nulla tempus. Vivamus in felis eu sapien cursus vestibulum. Proin eu mi. Nulla ac enim. In tempor, turpis nec euismod scelerisque, quam turpis adipiscing lorem, vitae mattis nibh ligula nec sem. Duis aliquam convallis nunc. Proin at turpis a pede posuere nonummy."
Kingston,Copyn,telegraph.co.uk,142,Trilia,Kingston Copyn,kingston.copyn@telegraph.co.uk,Lost,Web,1003,"Nunc nisl. Duis bibendum, felis sed interdum venenatis, turpis enim blandit mi, in porttitor pede justo eu massa. Donec dapibus. Duis at velit eu est congue elementum. In hac habitasse platea dictumst."
Gale,Dawid,trellian.com,143,Jaxbean,Gale Dawid,gale.dawid@trellian.com,Contacted,Email Campaign,1030,"Nam ultrices, libero non mattis pulvinar, nulla pede ullamcorper augue, a suscipit nulla elit ac nulla. Sed vel enim sit amet nunc viverra dapibus. Nulla suscipit ligula in lacus. Curabitur at ipsum ac tellus semper interdum."
Corinne,Loads,e-recht24.de,144,Reallinks,Corinne Loads,corinne.loads@e-recht24.de,Contacted,Event,1004,In congue. Etiam justo.
Tucky,Shapter,indiegogo.com,145,Quatz,Tucky Shapter,tucky.shapter@indiegogo.com,Contacted,Referral,1001,"Pellentesque ultrices mattis odio. Donec vitae nisi. Nam ultrices, libero non mattis pulvinar, nulla pede ullamcorper augue, a suscipit nulla elit ac nulla. Sed vel enim sit amet nunc viverra dapibus. Nulla suscipit ligula in lacus. Curabitur at ipsum ac tellus semper interdum. Mauris ullamcorper purus sit amet nulla."
Amabelle,Jeromson,themeforest.net,146,Digitube,Amabelle Jeromson,amabelle.jeromson@themeforest.net,Won,LinkedIn,1003,"Aenean auctor gravida sem. Praesent id massa id nisl venenatis lacinia. Aenean sit amet justo. Morbi ut odio. Cras mi pede, malesuada in, imperdiet et, commodo vulputate, justo. In blandit ultrices enim. Lorem ipsum dolor sit amet, consectetuer adipiscing elit. Proin interdum mauris non ligula pellentesque ultrices. Phasellus id sapien in sapien iaculis congue."
Max,Garshore,squarespace.com,147,Skinix,Max Garshore,max.garshore@squarespace.com,New,Referral,1050,"Nam congue, risus semper porta volutpat, quam pede lobortis ligula, sit amet eleifend pede libero quis orci. Nullam molestie nibh in lectus. Pellentesque at nulla. Suspendisse potenti. Cras in purus eu magna vulputate luctus. Cum sociis natoque penatibus et magnis dis parturient montes, nascetur ridiculus mus. Vivamus vestibulum sagittis sapien."
Nickie,Pennicard,statcounter.com,148,Thoughtbridge,Nickie Pennicard,nickie.pennicard@statcounter.com,Contacted,Referral,1017,"Donec quis orci eget orci vehicula condimentum. Curabitur in libero ut massa volutpat convallis. Morbi odio odio, elementum eu, interdum eu, tincidunt in, leo. Maecenas pulvinar lobortis est."
Maisie,Climson,elpais.com,149,Meejo,Maisie Climson,maisie.climson@elpais.com,Contacted,Web,1030,"Duis ac nibh. Fusce lacus purus, aliquet at, feugiat non, pretium quis, lectus. Suspendisse potenti. In eleifend quam a odio. In hac habitasse platea dictumst. Maecenas ut massa quis augue luctus tincidunt."
Maybelle,Peacher,latimes.com,150,Eare,Maybelle Peacher,maybelle.peacher@latimes.com,New,LinkedIn,1008,"Curabitur gravida nisi at nibh. In hac habitasse platea dictumst. Aliquam augue quam, sollicitudin vitae, consectetuer eget, rutrum at, lorem. Integer tincidunt ante vel ipsum. Praesent blandit lacinia erat. Vestibulum sed magna at nunc commodo placerat."
Britt,Janikowski,umn.edu,151,Blogspan,Britt Janikowski,britt.janikowski@umn.edu,New,LinkedIn,1023,"Aenean fermentum. Donec ut mauris eget massa tempor convallis. Nulla neque libero, convallis eget, eleifend luctus, ultricies eu, nibh."
Davida,Crowhurst,seesaa.net,152,Riffpath,Davida Crowhurst,davida.crowhurst@seesaa.net,Won,LinkedIn,1006,Donec posuere metus vitae ipsum. Aliquam non mauris.
Idelle,Furmenger,independent.co.uk,153,Leenti,Idelle Furmenger,idelle.furmenger@independent.co.uk,New,Referral,1013,"Proin eu mi. Nulla ac enim. In tempor, turpis nec euismod scelerisque, quam turpis adipiscing lorem, vitae mattis nibh ligula nec sem. Duis aliquam convallis nunc. Proin at turpis a pede posuere nonummy. Integer non velit."
Jaquelyn,Agott,toplist.cz,154,Demivee,Jaquelyn Agott,jaquelyn.agott@toplist.cz,Lost,LinkedIn,1026,"In est risus, auctor sed, tristique in, tempus sit amet, sem. Fusce consequat. Nulla nisl. Nunc nisl. Duis bibendum, felis sed interdum venenatis, turpis enim blandit mi, in porttitor pede justo eu massa."
Scarlett,Aynold,narod.ru,155,Jabbersphere,Scarlett Aynold,scarlett.aynold@narod.ru,Lost,LinkedIn,1025,"Suspendisse accumsan tortor quis turpis. Sed ante. Vivamus tortor. Duis mattis egestas metus. Aenean fermentum. Donec ut mauris eget massa tempor convallis. Nulla neque libero, convallis eget, eleifend luctus, ultricies eu, nibh. Quisque id justo sit amet sapien dignissim vestibulum."
Clive,Tuther,1und1.de,156,Linktype,Clive Tuther,clive.tuther@1und1.de,Lost,Email Campaign,1050,"Lorem ipsum dolor sit amet, consectetuer adipiscing elit. Proin interdum mauris non ligula pellentesque ultrices."
Bobbe,Danko,nps.gov,157,Dablist,Bobbe Danko,bobbe.danko@nps.gov,New,Referral,1002,"Vestibulum ac est lacinia nisi venenatis tristique. Fusce congue, diam id ornare imperdiet, sapien urna pretium nisl, ut volutpat sapien arcu sed augue. Aliquam erat volutpat. In congue. Etiam justo. Etiam pretium iaculis justo."
Jeana,Ashburner,epa.gov,158,Realcube,Jeana Ashburner,jeana.ashburner@epa.gov,New,Web,1031,"Morbi ut odio. Cras mi pede, malesuada in, imperdiet et, commodo vulputate, justo."
Shoshanna,Danielian,seattletimes.com,159,Tekfly,Shoshanna Danielian,shoshanna.danielian@seattletimes.com,New,Email Campaign,1042,"Nam nulla. Integer pede justo, lacinia eget, tincidunt eget, tempus vel, pede. Morbi porttitor lorem id ligula. Suspendisse ornare consequat lectus."
Gabbie,Swinnerton,furl.net,160,Browsecat,Gabbie Swinnerton,gabbie.swinnerton@furl.net,Contacted,Referral,1016,"Integer ac leo. Pellentesque ultrices mattis odio. Donec vitae nisi. Nam ultrices, libero non mattis pulvinar, nulla pede ullamcorper augue, a suscipit nulla elit ac nulla. Sed vel enim sit amet nunc viverra dapibus."
Charley,Boullin,whitehouse.gov,161,Edgeblab,Charley Boullin,charley.boullin@whitehouse.gov,New,Email Campaign,1025,"In sagittis dui vel nisl. Duis ac nibh. Fusce lacus purus, aliquet at, feugiat non, pretium quis, lectus. Suspendisse potenti. In eleifend quam a odio. In hac habitasse platea dictumst. Maecenas ut massa quis augue luctus tincidunt. Nulla mollis molestie lorem. Quisque ut erat. Curabitur gravida nisi at nibh."
Moselle,Laws,google.fr,162,Livetube,Moselle Laws,moselle.laws@google.fr,Won,Event,1025,"Duis bibendum, felis sed interdum venenatis, turpis enim blandit mi, in porttitor pede justo eu massa. Donec dapibus. Duis at velit eu est congue elementum. In hac habitasse platea dictumst. Morbi vestibulum, velit id pretium iaculis, diam erat fermentum justo, nec condimentum neque sapien placerat ante. Nulla justo."
Jasen,Faulkes,slate.com,163,Gabspot,Jasen Faulkes,jasen.faulkes@slate.com,New,Email Campaign,1014,"Integer ac leo. Pellentesque ultrices mattis odio. Donec vitae nisi. Nam ultrices, libero non mattis pulvinar, nulla pede ullamcorper augue, a suscipit nulla elit ac nulla."
Issiah,Adrian,ustream.tv,164,Tazz,Issiah Adrian,issiah.adrian@ustream.tv,New,LinkedIn,1006,"Nam dui. Proin leo odio, porttitor id, consequat in, consequat ut, nulla. Sed accumsan felis. Ut at dolor quis odio consequat varius. Integer ac leo."
Patty,Bruckent,bigcartel.com,165,Jetwire,Patty Bruckent,patty.bruckent@bigcartel.com,Lost,Email Campaign,1010,Vivamus tortor. Duis mattis egestas metus.
Koral,Dalziell,ft.com,166,Browsetype,Koral Dalziell,koral.dalziell@ft.com,Lost,Web,1009,"Vestibulum sed magna at nunc commodo placerat. Praesent blandit. Nam nulla. Integer pede justo, lacinia eget, tincidunt eget, tempus vel, pede."
Chip,Haldene,soup.io,167,Oodoo,Chip Haldene,chip.haldene@soup.io,Lost,LinkedIn,1024,Ut tellus. Nulla ut erat id mauris vulputate elementum. Nullam varius. Nulla facilisi. Cras non velit nec nisi vulputate nonummy. Maecenas tincidunt lacus at velit. Vivamus vel nulla eget eros elementum pellentesque. Quisque porta volutpat erat.
Brunhilde,Kiddle,4shared.com,168,Fivechat,Brunhilde Kiddle,brunhilde.kiddle@4shared.com,Contacted,Web,1044,Aliquam erat volutpat. In congue. Etiam justo.
Joelle,Fossord,telegraph.co.uk,169,Voonder,Joelle Fossord,joelle.fossord@telegraph.co.uk,Contacted,Event,1034,"Integer ac leo. Pellentesque ultrices mattis odio. Donec vitae nisi. Nam ultrices, libero non mattis pulvinar, nulla pede ullamcorper augue, a suscipit nulla elit ac nulla. Sed vel enim sit amet nunc viverra dapibus. Nulla suscipit ligula in lacus. Curabitur at ipsum ac tellus semper interdum. Mauris ullamcorper purus sit amet nulla. Quisque arcu libero, rutrum ac, lobortis vel, dapibus at, diam."
Shae,Sapsforde,unicef.org,170,Kanoodle,Shae Sapsforde,shae.sapsforde@unicef.org,New,Event,1013,Cras in purus eu magna vulputate luctus.
Eberto,Tomas,dion.ne.jp,171,Livefish,Eberto Tomas,eberto.tomas@dion.ne.jp,New,Web,1006,"Pellentesque at nulla. Suspendisse potenti. Cras in purus eu magna vulputate luctus. Cum sociis natoque penatibus et magnis dis parturient montes, nascetur ridiculus mus. Vivamus vestibulum sagittis sapien. Cum sociis natoque penatibus et magnis dis parturient montes, nascetur ridiculus mus. Etiam vel augue."
Orson,Winchcomb,people.com.cn,172,Feedspan,Orson Winchcomb,orson.winchcomb@people.com.cn,New,Referral,1023,Nulla tempus. Vivamus in felis eu sapien cursus vestibulum. Proin eu mi. Nulla ac enim.
Raviv,Phair,china.com.cn,173,Shufflester,Raviv Phair,raviv.phair@china.com.cn,Contacted,LinkedIn,1006,"Vestibulum ac est lacinia nisi venenatis tristique. Fusce congue, diam id ornare imperdiet, sapien urna pretium nisl, ut volutpat sapien arcu sed augue. Aliquam erat volutpat. In congue. Etiam justo."
Ruperta,Betteson,soup.io,174,Cogilith,Ruperta Betteson,ruperta.betteson@soup.io,Lost,LinkedIn,1043,Suspendisse potenti. In eleifend quam a odio.
Brynn,Bellson,google.pl,175,Meemm,Brynn Bellson,brynn.bellson@google.pl,Contacted,Event,1047,"Duis bibendum. Morbi non quam nec dui luctus rutrum. Nulla tellus. In sagittis dui vel nisl. Duis ac nibh. Fusce lacus purus, aliquet at, feugiat non, pretium quis, lectus. Suspendisse potenti."
Koren,Hellwing,typepad.com,176,Eire,Koren Hellwing,koren.hellwing@typepad.com,New,Event,1045,In hac habitasse platea dictumst.
Abbye,Capun,bbc.co.uk,177,Plajo,Abbye Capun,abbye.capun@bbc.co.uk,New,Email Campaign,1047,"Nulla neque libero, convallis eget, eleifend luctus, ultricies eu, nibh. Quisque id justo sit amet sapien dignissim vestibulum. Vestibulum ante ipsum primis in faucibus orci luctus et ultrices posuere cubilia Curae; Nulla dapibus dolor vel est. Donec odio justo, sollicitudin ut, suscipit a, feugiat et, eros. Vestibulum ac est lacinia nisi venenatis tristique. Fusce congue, diam id ornare imperdiet, sapien urna pretium nisl, ut volutpat sapien arcu sed augue."
Camille,Tharme,deviantart.com,178,InnoZ,Camille Tharme,camille.tharme@deviantart.com,Contacted,Event,1006,Duis aliquam convallis nunc. Proin at turpis a pede posuere nonummy. Integer non velit.
Abrahan,Geri,desdev.cn,179,Kwideo,Abrahan Geri,abrahan.geri@desdev.cn,Lost,Email Campaign,1018,"Vestibulum sed magna at nunc commodo placerat. Praesent blandit. Nam nulla. Integer pede justo, lacinia eget, tincidunt eget, tempus vel, pede. Morbi porttitor lorem id ligula. Suspendisse ornare consequat lectus. In est risus, auctor sed, tristique in, tempus sit amet, sem. Fusce consequat."
Clair,Sallenger,linkedin.com,180,Wikibox,Clair Sallenger,clair.sallenger@linkedin.com,New,Email Campaign,1003,Aliquam erat volutpat. In congue. Etiam justo. Etiam pretium iaculis justo. In hac habitasse platea dictumst.
Orelie,Shimon,independent.co.uk,181,Skyble,Orelie Shimon,orelie.shimon@independent.co.uk,Won,Web,1028,Nullam porttitor lacus at turpis. Donec posuere metus vitae ipsum. Aliquam non mauris. Morbi non lectus.
Anthe,Dallewater,cbsnews.com,182,Jatri,Anthe Dallewater,anthe.dallewater@cbsnews.com,Lost,LinkedIn,1025,"Maecenas rhoncus aliquam lacus. Morbi quis tortor id nulla ultrices aliquet. Maecenas leo odio, condimentum id, luctus nec, molestie sed, justo. Pellentesque viverra pede ac diam. Cras pellentesque volutpat dui. Maecenas tristique, est et tempus semper, est quam pharetra magna, ac consequat metus sapien ut nunc. Vestibulum ante ipsum primis in faucibus orci luctus et ultrices posuere cubilia Curae; Mauris viverra diam vitae quam. Suspendisse potenti."
Delano,Curedell,tinypic.com,183,Edgeify,Delano Curedell,delano.curedell@tinypic.com,Won,Email Campaign,1013,"Donec quis orci eget orci vehicula condimentum. Curabitur in libero ut massa volutpat convallis. Morbi odio odio, elementum eu, interdum eu, tincidunt in, leo. Maecenas pulvinar lobortis est. Phasellus sit amet erat. Nulla tempus. Vivamus in felis eu sapien cursus vestibulum."
Engelbert,Baum,eepurl.com,184,Twinte,Engelbert Baum,engelbert.baum@eepurl.com,Contacted,Web,1021,"Donec ut dolor. Morbi vel lectus in quam fringilla rhoncus. Mauris enim leo, rhoncus sed, vestibulum sit amet, cursus id, turpis. Integer aliquet, massa id lobortis convallis, tortor risus dapibus augue, vel accumsan tellus nisi eu orci. Mauris lacinia sapien quis libero. Nullam sit amet turpis elementum ligula vehicula consequat. Morbi a ipsum. Integer a nibh. In quis justo. Maecenas rhoncus aliquam lacus."
Mignonne,Krysztofiak,mediafire.com,185,Avaveo,Mignonne Krysztofiak,mignonne.krysztofiak@mediafire.com,Lost,Referral,1014,Integer tincidunt ante vel ipsum.
Julianne,Ruberry,nymag.com,186,Rhycero,Julianne Ruberry,julianne.ruberry@nymag.com,New,Web,1029,"Proin risus. Praesent lectus. Vestibulum quam sapien, varius ut, blandit non, interdum in, ante. Vestibulum ante ipsum primis in faucibus orci luctus et ultrices posuere cubilia Curae; Duis faucibus accumsan odio. Curabitur convallis. Duis consequat dui nec nisi volutpat eleifend. Donec ut dolor."
Devlen,Hellmore,virginia.edu,187,Photospace,Devlen Hellmore,devlen.hellmore@virginia.edu,Contacted,LinkedIn,1020,"Aliquam sit amet diam in magna bibendum imperdiet. Nullam orci pede, venenatis non, sodales sed, tincidunt eu, felis. Fusce posuere felis sed lacus. Morbi sem mauris, laoreet ut, rhoncus aliquet, pulvinar sed, nisl."
Maureene,Jarman,who.int,188,Chatterpoint,Maureene Jarman,maureene.jarman@who.int,Contacted,Event,1009,"Praesent blandit. Nam nulla. Integer pede justo, lacinia eget, tincidunt eget, tempus vel, pede. Morbi porttitor lorem id ligula."
Lianne,Rout,earthlink.net,189,Lazzy,Lianne Rout,lianne.rout@earthlink.net,Contacted,Email Campaign,1046,"Vestibulum quam sapien, varius ut, blandit non, interdum in, ante. Vestibulum ante ipsum primis in faucibus orci luctus et ultrices posuere cubilia Curae; Duis faucibus accumsan odio. Curabitur convallis. Duis consequat dui nec nisi volutpat eleifend. Donec ut dolor. Morbi vel lectus in quam fringilla rhoncus. Mauris enim leo, rhoncus sed, vestibulum sit amet, cursus id, turpis. Integer aliquet, massa id lobortis convallis, tortor risus dapibus augue, vel accumsan tellus nisi eu orci. Mauris lacinia sapien quis libero."
Courtnay,Scurr,engadget.com,190,Topicstorm,Courtnay Scurr,courtnay.scurr@engadget.com,New,Email Campaign,1003,"Vestibulum ante ipsum primis in faucibus orci luctus et ultrices posuere cubilia Curae; Nulla dapibus dolor vel est. Donec odio justo, sollicitudin ut, suscipit a, feugiat et, eros. Vestibulum ac est lacinia nisi venenatis tristique. Fusce congue, diam id ornare imperdiet, sapien urna pretium nisl, ut volutpat sapien arcu sed augue. Aliquam erat volutpat. In congue. Etiam justo. Etiam pretium iaculis justo."
Brant,Bartoleyn,behance.net,191,Photobug,Brant Bartoleyn,brant.bartoleyn@behance.net,Won,LinkedIn,1019,"Integer pede justo, lacinia eget, tincidunt eget, tempus vel, pede. Morbi porttitor lorem id ligula. Suspendisse ornare consequat lectus. In est risus, auctor sed, tristique in, tempus sit amet, sem. Fusce consequat. Nulla nisl. Nunc nisl. Duis bibendum, felis sed interdum venenatis, turpis enim blandit mi, in porttitor pede justo eu massa."
Kiersten,Lillecrap,yahoo.com,192,Roomm,Kiersten Lillecrap,kiersten.lillecrap@yahoo.com,Lost,Email Campaign,1031,Morbi non lectus. Aliquam sit amet diam in magna bibendum imperdiet.
Rowen,Artiss,webeden.co.uk,193,Feedbug,Rowen Artiss,rowen.artiss@webeden.co.uk,New,Referral,1031,"Aenean lectus. Pellentesque eget nunc. Donec quis orci eget orci vehicula condimentum. Curabitur in libero ut massa volutpat convallis. Morbi odio odio, elementum eu, interdum eu, tincidunt in, leo. Maecenas pulvinar lobortis est."
Eziechiele,Queen,blogspot.com,194,Ailane,Eziechiele Queen,eziechiele.queen@blogspot.com,Won,Web,1002,"Suspendisse potenti. Cras in purus eu magna vulputate luctus. Cum sociis natoque penatibus et magnis dis parturient montes, nascetur ridiculus mus. Vivamus vestibulum sagittis sapien. Cum sociis natoque penatibus et magnis dis parturient montes, nascetur ridiculus mus. Etiam vel augue. Vestibulum rutrum rutrum neque."
Valina,Idwal Evans,google.co.jp,195,Kanoodle,Valina Idwal Evans,valina.idwal evans@google.co.jp,New,Event,1043,"Suspendisse potenti. Cras in purus eu magna vulputate luctus. Cum sociis natoque penatibus et magnis dis parturient montes, nascetur ridiculus mus. Vivamus vestibulum sagittis sapien. Cum sociis natoque penatibus et magnis dis parturient montes, nascetur ridiculus mus. Etiam vel augue. Vestibulum rutrum rutrum neque. Aenean auctor gravida sem. Praesent id massa id nisl venenatis lacinia."
Fawne,Tippett,nih.gov,196,Camimbo,Fawne Tippett,fawne.tippett@nih.gov,Lost,LinkedIn,1045,"Aliquam sit amet diam in magna bibendum imperdiet. Nullam orci pede, venenatis non, sodales sed, tincidunt eu, felis."
Darleen,Douch,scientificamerican.com,197,Shuffledrive,Darleen Douch,darleen.douch@scientificamerican.com,Contacted,Referral,1037,Integer tincidunt ante vel ipsum. Praesent blandit lacinia erat. Vestibulum sed magna at nunc commodo placerat. Praesent blandit. Nam nulla.
Carroll,Toope,zdnet.com,198,Buzzbean,Carroll Toope,carroll.toope@zdnet.com,New,Event,1032,"Morbi vestibulum, velit id pretium iaculis, diam erat fermentum justo, nec condimentum neque sapien placerat ante. Nulla justo."
Thaddeus,Rapson,nifty.com,199,Edgepulse,Thaddeus Rapson,thaddeus.rapson@nifty.com,Lost,Email Campaign,1015,Vestibulum ante ipsum primis in faucibus orci luctus et ultrices posuere cubilia Curae; Duis faucibus accumsan odio. Curabitur convallis.
Darbee,Showers,cbslocal.com,200,Myworks,Darbee Showers,darbee.showers@cbslocal.com,Contacted,Referral,1018,"Nulla tellus. In sagittis dui vel nisl. Duis ac nibh. Fusce lacus purus, aliquet at, feugiat non, pretium quis, lectus. Suspendisse potenti. In eleifend quam a odio. In hac habitasse platea dictumst. Maecenas ut massa quis augue luctus tincidunt."
Jade,Cochran,shutterfly.com,201,Tanoodle,Jade Cochran,jade.cochran@shutterfly.com,Lost,Event,1034,"Morbi odio odio, elementum eu, interdum eu, tincidunt in, leo. Maecenas pulvinar lobortis est. Phasellus sit amet erat. Nulla tempus. Vivamus in felis eu sapien cursus vestibulum."
Doug,Matzaitis,uol.com.br,202,Tagfeed,Doug Matzaitis,doug.matzaitis@uol.com.br,New,Event,1049,"Nam ultrices, libero non mattis pulvinar, nulla pede ullamcorper augue, a suscipit nulla elit ac nulla."
Aggie,Glenwright,mozilla.org,203,Katz,Aggie Glenwright,aggie.glenwright@mozilla.org,New,LinkedIn,1042,"Nunc rhoncus dui vel sem. Sed sagittis. Nam congue, risus semper porta volutpat, quam pede lobortis ligula, sit amet eleifend pede libero quis orci. Nullam molestie nibh in lectus. Pellentesque at nulla. Suspendisse potenti."
Cazzie,Stobbs,tmall.com,204,Blogpad,Cazzie Stobbs,cazzie.stobbs@tmall.com,Contacted,LinkedIn,1007,"Integer pede justo, lacinia eget, tincidunt eget, tempus vel, pede. Morbi porttitor lorem id ligula. Suspendisse ornare consequat lectus. In est risus, auctor sed, tristique in, tempus sit amet, sem. Fusce consequat. Nulla nisl. Nunc nisl. Duis bibendum, felis sed interdum venenatis, turpis enim blandit mi, in porttitor pede justo eu massa. Donec dapibus. Duis at velit eu est congue elementum."
Alex,Blase,mashable.com,205,Katz,Alex Blase,alex.blase@mashable.com,Contacted,Email Campaign,1009,"Donec ut dolor. Morbi vel lectus in quam fringilla rhoncus. Mauris enim leo, rhoncus sed, vestibulum sit amet, cursus id, turpis. Integer aliquet, massa id lobortis convallis, tortor risus dapibus augue, vel accumsan tellus nisi eu orci. Mauris lacinia sapien quis libero. Nullam sit amet turpis elementum ligula vehicula consequat. Morbi a ipsum. Integer a nibh. In quis justo. Maecenas rhoncus aliquam lacus."
Dorolice,Cawood,shutterfly.com,206,Jabbercube,Dorolice Cawood,dorolice.cawood@shutterfly.com,Lost,Web,1029,Phasellus in felis. Donec semper sapien a libero. Nam dui.
Etta,Waryk,smugmug.com,207,Oba,Etta Waryk,etta.waryk@smugmug.com,New,Referral,1030,Ut tellus. Nulla ut erat id mauris vulputate elementum.
Ferne,Harnott,umich.edu,208,Blogtags,Ferne Harnott,ferne.harnott@umich.edu,Contacted,Referral,1041,"Proin risus. Praesent lectus. Vestibulum quam sapien, varius ut, blandit non, interdum in, ante. Vestibulum ante ipsum primis in faucibus orci luctus et ultrices posuere cubilia Curae; Duis faucibus accumsan odio. Curabitur convallis. Duis consequat dui nec nisi volutpat eleifend. Donec ut dolor. Morbi vel lectus in quam fringilla rhoncus."
Pieter,Novello,ibm.com,209,Midel,Pieter Novello,pieter.novello@ibm.com,New,Email Campaign,1036,"Integer aliquet, massa id lobortis convallis, tortor risus dapibus augue, vel accumsan tellus nisi eu orci. Mauris lacinia sapien quis libero."
Freddy,Marsh,smugmug.com,210,Blogtag,Freddy Marsh,freddy.marsh@smugmug.com,Contacted,Referral,1005,"Duis at velit eu est congue elementum. In hac habitasse platea dictumst. Morbi vestibulum, velit id pretium iaculis, diam erat fermentum justo, nec condimentum neque sapien placerat ante. Nulla justo. Aliquam quis turpis eget elit sodales scelerisque. Mauris sit amet eros. Suspendisse accumsan tortor quis turpis. Sed ante."
Suzette,Castaignet,fda.gov,211,Yambee,Suzette Castaignet,suzette.castaignet@fda.gov,Lost,Event,1043,"Phasellus sit amet erat. Nulla tempus. Vivamus in felis eu sapien cursus vestibulum. Proin eu mi. Nulla ac enim. In tempor, turpis nec euismod scelerisque, quam turpis adipiscing lorem, vitae mattis nibh ligula nec sem. Duis aliquam convallis nunc."
Daisey,MacCleay,dyndns.org,212,Wordtune,Daisey MacCleay,daisey.maccleay@dyndns.org,Lost,LinkedIn,1014,"Maecenas pulvinar lobortis est. Phasellus sit amet erat. Nulla tempus. Vivamus in felis eu sapien cursus vestibulum. Proin eu mi. Nulla ac enim. In tempor, turpis nec euismod scelerisque, quam turpis adipiscing lorem, vitae mattis nibh ligula nec sem. Duis aliquam convallis nunc. Proin at turpis a pede posuere nonummy. Integer non velit."
Zenia,Gierhard,go.com,213,Flipstorm,Zenia Gierhard,zenia.gierhard@go.com,Won,Web,1010,Pellentesque at nulla. Suspendisse potenti. Cras in purus eu magna vulputate luctus.
Shalna,Rzehor,mapquest.com,214,LiveZ,Shalna Rzehor,shalna.rzehor@mapquest.com,New,Referral,1009,Aliquam quis turpis eget elit sodales scelerisque. Mauris sit amet eros. Suspendisse accumsan tortor quis turpis. Sed ante. Vivamus tortor. Duis mattis egestas metus. Aenean fermentum.
Lizette,Jacqueme,dion.ne.jp,215,Topicshots,Lizette Jacqueme,lizette.jacqueme@dion.ne.jp,New,LinkedIn,1032,Etiam vel augue.
Brod,Barrim,wunderground.com,216,Edgepulse,Brod Barrim,brod.barrim@wunderground.com,Lost,Referral,1021,"Proin risus. Praesent lectus. Vestibulum quam sapien, varius ut, blandit non, interdum in, ante."
Padgett,Cleiment,latimes.com,217,Jabbercube,Padgett Cleiment,padgett.cleiment@latimes.com,Won,Referral,1007,"Nulla ut erat id mauris vulputate elementum. Nullam varius. Nulla facilisi. Cras non velit nec nisi vulputate nonummy. Maecenas tincidunt lacus at velit. Vivamus vel nulla eget eros elementum pellentesque. Quisque porta volutpat erat. Quisque erat eros, viverra eget, congue eget, semper rutrum, nulla. Nunc purus."
Merv,Dundin,pagesperso-orange.fr,218,Leexo,Merv Dundin,merv.dundin@pagesperso-orange.fr,Lost,Referral,1013,"In hac habitasse platea dictumst. Morbi vestibulum, velit id pretium iaculis, diam erat fermentum justo, nec condimentum neque sapien placerat ante."
Fidelia,Rigg,tumblr.com,219,Centimia,Fidelia Rigg,fidelia.rigg@tumblr.com,Contacted,Event,1009,"Donec odio justo, sollicitudin ut, suscipit a, feugiat et, eros. Vestibulum ac est lacinia nisi venenatis tristique. Fusce congue, diam id ornare imperdiet, sapien urna pretium nisl, ut volutpat sapien arcu sed augue."
Lilah,Edlin,nytimes.com,220,Latz,Lilah Edlin,lilah.edlin@nytimes.com,New,Email Campaign,1035,"Nulla tempus. Vivamus in felis eu sapien cursus vestibulum. Proin eu mi. Nulla ac enim. In tempor, turpis nec euismod scelerisque, quam turpis adipiscing lorem, vitae mattis nibh ligula nec sem. Duis aliquam convallis nunc."
Rufus,Lintill,squarespace.com,221,Jatri,Rufus Lintill,rufus.lintill@squarespace.com,Won,Email Campaign,1046,"Integer pede justo, lacinia eget, tincidunt eget, tempus vel, pede. Morbi porttitor lorem id ligula. Suspendisse ornare consequat lectus."
Ynez,Gadie,adobe.com,222,Jetwire,Ynez Gadie,ynez.gadie@adobe.com,Won,Referral,1033,"Duis consequat dui nec nisi volutpat eleifend. Donec ut dolor. Morbi vel lectus in quam fringilla rhoncus. Mauris enim leo, rhoncus sed, vestibulum sit amet, cursus id, turpis. Integer aliquet, massa id lobortis convallis, tortor risus dapibus augue, vel accumsan tellus nisi eu orci. Mauris lacinia sapien quis libero."
Marketa,Mcimmie,hatena.ne.jp,223,Yoveo,Marketa Mcimmie,marketa.mcimmie@hatena.ne.jp,Lost,Event,1044,"Vestibulum ante ipsum primis in faucibus orci luctus et ultrices posuere cubilia Curae; Nulla dapibus dolor vel est. Donec odio justo, sollicitudin ut, suscipit a, feugiat et, eros."
Wenonah,Puden,buzzfeed.com,224,Avamm,Wenonah Puden,wenonah.puden@buzzfeed.com,Won,Web,1011,"Integer aliquet, massa id lobortis convallis, tortor risus dapibus augue, vel accumsan tellus nisi eu orci. Mauris lacinia sapien quis libero. Nullam sit amet turpis elementum ligula vehicula consequat. Morbi a ipsum. Integer a nibh. In quis justo."
Christi,Jedraszczyk,dot.gov,225,Linkbridge,Christi Jedraszczyk,christi.jedraszczyk@dot.gov,Won,Email Campaign,1019,Vestibulum ante ipsum primis in faucibus orci luctus et ultrices posuere cubilia Curae; Mauris viverra diam vitae quam.
Grace,Kean,exblog.jp,226,JumpXS,Grace Kean,grace.kean@exblog.jp,New,Web,1046,"Duis aliquam convallis nunc. Proin at turpis a pede posuere nonummy. Integer non velit. Donec diam neque, vestibulum eget, vulputate ut, ultrices vel, augue. Vestibulum ante ipsum primis in faucibus orci luctus et ultrices posuere cubilia Curae; Donec pharetra, magna vestibulum aliquet ultrices, erat tortor sollicitudin mi, sit amet lobortis sapien sapien non mi. Integer ac neque. Duis bibendum."
Leoline,Waghorne,jugem.jp,227,DabZ,Leoline Waghorne,leoline.waghorne@jugem.jp,Lost,Web,1031,"Nam dui. Proin leo odio, porttitor id, consequat in, consequat ut, nulla. Sed accumsan felis. Ut at dolor quis odio consequat varius. Integer ac leo."
Bram,Haglington,flickr.com,228,Rhybox,Bram Haglington,bram.haglington@flickr.com,New,Event,1039,"Donec posuere metus vitae ipsum. Aliquam non mauris. Morbi non lectus. Aliquam sit amet diam in magna bibendum imperdiet. Nullam orci pede, venenatis non, sodales sed, tincidunt eu, felis. Fusce posuere felis sed lacus. Morbi sem mauris, laoreet ut, rhoncus aliquet, pulvinar sed, nisl. Nunc rhoncus dui vel sem. Sed sagittis."
Hadrian,Dunkerly,mapy.cz,229,Realmix,Hadrian Dunkerly,hadrian.dunkerly@mapy.cz,New,Referral,1002,"Duis bibendum. Morbi non quam nec dui luctus rutrum. Nulla tellus. In sagittis dui vel nisl. Duis ac nibh. Fusce lacus purus, aliquet at, feugiat non, pretium quis, lectus. Suspendisse potenti. In eleifend quam a odio."
Fania,Nyland,blogtalkradio.com,230,Twinte,Fania Nyland,fania.nyland@blogtalkradio.com,Contacted,Web,1048,"Donec odio justo, sollicitudin ut, suscipit a, feugiat et, eros. Vestibulum ac est lacinia nisi venenatis tristique. Fusce congue, diam id ornare imperdiet, sapien urna pretium nisl, ut volutpat sapien arcu sed augue. Aliquam erat volutpat. In congue. Etiam justo. Etiam pretium iaculis justo."
Zia,Huntly,google.fr,231,Trupe,Zia Huntly,zia.huntly@google.fr,Contacted,Web,1005,"Nulla tellus. In sagittis dui vel nisl. Duis ac nibh. Fusce lacus purus, aliquet at, feugiat non, pretium quis, lectus. Suspendisse potenti. In eleifend quam a odio."
Aryn,Lineham,abc.net.au,232,Jabberstorm,Aryn Lineham,aryn.lineham@abc.net.au,Won,Referral,1031,Quisque id justo sit amet sapien dignissim vestibulum. Vestibulum ante ipsum primis in faucibus orci luctus et ultrices posuere cubilia Curae; Nulla dapibus dolor vel est.
Alla,Belderfield,ihg.com,233,Katz,Alla Belderfield,alla.belderfield@ihg.com,Lost,Event,1045,"Quisque erat eros, viverra eget, congue eget, semper rutrum, nulla. Nunc purus. Phasellus in felis. Donec semper sapien a libero. Nam dui."
Laurel,Smittoune,networksolutions.com,234,Dabjam,Laurel Smittoune,laurel.smittoune@networksolutions.com,Lost,Referral,1004,"Fusce congue, diam id ornare imperdiet, sapien urna pretium nisl, ut volutpat sapien arcu sed augue. Aliquam erat volutpat. In congue. Etiam justo."
Cilka,Spiller,springer.com,235,Centizu,Cilka Spiller,cilka.spiller@springer.com,Lost,Web,1003,"Praesent blandit lacinia erat. Vestibulum sed magna at nunc commodo placerat. Praesent blandit. Nam nulla. Integer pede justo, lacinia eget, tincidunt eget, tempus vel, pede. Morbi porttitor lorem id ligula. Suspendisse ornare consequat lectus. In est risus, auctor sed, tristique in, tempus sit amet, sem. Fusce consequat."
Claire,Baroc,issuu.com,236,Flashdog,Claire Baroc,claire.baroc@issuu.com,Contacted,Referral,1030,In hac habitasse platea dictumst.
Shir,Abela,simplemachines.org,237,Browsebug,Shir Abela,shir.abela@simplemachines.org,New,Web,1020,"Nulla ut erat id mauris vulputate elementum. Nullam varius. Nulla facilisi. Cras non velit nec nisi vulputate nonummy. Maecenas tincidunt lacus at velit. Vivamus vel nulla eget eros elementum pellentesque. Quisque porta volutpat erat. Quisque erat eros, viverra eget, congue eget, semper rutrum, nulla. Nunc purus."
Livvy,Bachelar,blog.com,238,Devshare,Livvy Bachelar,livvy.bachelar@blog.com,New,Event,1022,Etiam faucibus cursus urna. Ut tellus. Nulla ut erat id mauris vulputate elementum. Nullam varius. Nulla facilisi. Cras non velit nec nisi vulputate nonummy. Maecenas tincidunt lacus at velit.
Wernher,Schiesterl,hhs.gov,239,Photospace,Wernher Schiesterl,wernher.schiesterl@hhs.gov,Lost,Email Campaign,1042,Nullam sit amet turpis elementum ligula vehicula consequat. Morbi a ipsum. Integer a nibh. In quis justo. Maecenas rhoncus aliquam lacus. Morbi quis tortor id nulla ultrices aliquet.
Angelo,Wethey,google.nl,240,Feedfire,Angelo Wethey,angelo.wethey@google.nl,Contacted,LinkedIn,1016,"Donec ut mauris eget massa tempor convallis. Nulla neque libero, convallis eget, eleifend luctus, ultricies eu, nibh. Quisque id justo sit amet sapien dignissim vestibulum. Vestibulum ante ipsum primis in faucibus orci luctus et ultrices posuere cubilia Curae; Nulla dapibus dolor vel est. Donec odio justo, sollicitudin ut, suscipit a, feugiat et, eros. Vestibulum ac est lacinia nisi venenatis tristique. Fusce congue, diam id ornare imperdiet, sapien urna pretium nisl, ut volutpat sapien arcu sed augue. Aliquam erat volutpat. In congue."
Syman,Liddington,businessweek.com,241,Roomm,Syman Liddington,syman.liddington@businessweek.com,Contacted,Referral,1034,"Proin risus. Praesent lectus. Vestibulum quam sapien, varius ut, blandit non, interdum in, ante. Vestibulum ante ipsum primis in faucibus orci luctus et ultrices posuere cubilia Curae; Duis faucibus accumsan odio. Curabitur convallis. Duis consequat dui nec nisi volutpat eleifend. Donec ut dolor."
Helene,Josefsohn,dedecms.com,242,Yotz,Helene Josefsohn,helene.josefsohn@dedecms.com,Contacted,LinkedIn,1047,"Phasellus sit amet erat. Nulla tempus. Vivamus in felis eu sapien cursus vestibulum. Proin eu mi. Nulla ac enim. In tempor, turpis nec euismod scelerisque, quam turpis adipiscing lorem, vitae mattis nibh ligula nec sem."
Lorilee,Sole,weather.com,243,Pixope,Lorilee Sole,lorilee.sole@weather.com,Lost,Web,1005,"Nulla nisl. Nunc nisl. Duis bibendum, felis sed interdum venenatis, turpis enim blandit mi, in porttitor pede justo eu massa."
Laurianne,Haggish,gnu.org,244,Innotype,Laurianne Haggish,laurianne.haggish@gnu.org,Contacted,Email Campaign,1028,"Maecenas pulvinar lobortis est. Phasellus sit amet erat. Nulla tempus. Vivamus in felis eu sapien cursus vestibulum. Proin eu mi. Nulla ac enim. In tempor, turpis nec euismod scelerisque, quam turpis adipiscing lorem, vitae mattis nibh ligula nec sem. Duis aliquam convallis nunc."
Dalila,Egginton,t.co,245,Divanoodle,Dalila Egginton,dalila.egginton@t.co,Won,Referral,1050,"Nunc rhoncus dui vel sem. Sed sagittis. Nam congue, risus semper porta volutpat, quam pede lobortis ligula, sit amet eleifend pede libero quis orci. Nullam molestie nibh in lectus. Pellentesque at nulla."
Carlita,O'Flaverty,jiathis.com,246,Zoomcast,Carlita O'Flaverty,carlita.o'flaverty@jiathis.com,Lost,Referral,1021,Praesent id massa id nisl venenatis lacinia. Aenean sit amet justo.
Zorana,Hamberston,stumbleupon.com,247,Bluezoom,Zorana Hamberston,zorana.hamberston@stumbleupon.com,Lost,Event,1040,"Fusce posuere felis sed lacus. Morbi sem mauris, laoreet ut, rhoncus aliquet, pulvinar sed, nisl. Nunc rhoncus dui vel sem. Sed sagittis. Nam congue, risus semper porta volutpat, quam pede lobortis ligula, sit amet eleifend pede libero quis orci. Nullam molestie nibh in lectus. Pellentesque at nulla. Suspendisse potenti. Cras in purus eu magna vulputate luctus. Cum sociis natoque penatibus et magnis dis parturient montes, nascetur ridiculus mus."
Nolan,Windaybank,imageshack.us,248,Browsezoom,Nolan Windaybank,nolan.windaybank@imageshack.us,Lost,LinkedIn,1028,"Curabitur in libero ut massa volutpat convallis. Morbi odio odio, elementum eu, interdum eu, tincidunt in, leo. Maecenas pulvinar lobortis est. Phasellus sit amet erat. Nulla tempus. Vivamus in felis eu sapien cursus vestibulum. Proin eu mi."
Alicia,Burchmore,chron.com,249,Plajo,Alicia Burchmore,alicia.burchmore@chron.com,Won,Email Campaign,1048,"Donec odio justo, sollicitudin ut, suscipit a, feugiat et, eros. Vestibulum ac est lacinia nisi venenatis tristique. Fusce congue, diam id ornare imperdiet, sapien urna pretium nisl, ut volutpat sapien arcu sed augue. Aliquam erat volutpat. In congue."
Early,Lovelady,buzzfeed.com,250,Ainyx,Early Lovelady,early.lovelady@buzzfeed.com,Contacted,Email Campaign,1030,"Suspendisse ornare consequat lectus. In est risus, auctor sed, tristique in, tempus sit amet, sem. Fusce consequat. Nulla nisl. Nunc nisl. Duis bibendum, felis sed interdum venenatis, turpis enim blandit mi, in porttitor pede justo eu massa."
